,comp1,comp2,comp3,cluster,cluster_broad,headline,cluster_terms_str
0,-0.0009009906751069649,0.00023586091119651864,-0.00046129085194329753,125,2,Water Scarcity Is A Growing Problem. We Can Use Satellites To Better Measure It.,"water, nile, scarciti, upper, scientist, peopl, thomson, foundat, problem, research"
1,-0.0004593060889559402,-0.0002348048870149595,-0.0007076168082599552,1330,4,Israel’s shadow war with Iran bursts into the open,"israel, shadow, iran, open, iraq, wider, burst, target, burst, domin"
3,-0.0007939381442005635,-0.0008180573559758327,0.00013436748099136678,423,3,2020 Daily Trail Markers: Biden's team disputes poll showing him behind,"poll, biden, lead, monmouth, outlier, poll, show, plung, pollster, suffolk"
4,-0.0002582171590531139,-0.0008854591206565656,-0.0009727447127720718,1386,2,Palestinian Harvard student denied entry to US because 'friends posted anti-American statements',"harvard, freshman, friend, entri, palestinian, ajjawi, ismail, deni, 17, student"
5,4.11664115322328e-06,-0.0012156720634536463,-0.0013048518198798104,837,8,Deputy who said he was shot by sniper has been investigated before,"sniper, sheriff, deputi, shot, fire, counti, fake, allegedli, reinosa, angel"
6,-0.0005954978294231415,-0.0011556129983969286,1.1071197890640072e-05,1031,2,Gay Republican group's executive director resigns after Trump endorsement,"cabin, log, endors, jerri, henri, ann, republican, departur, lgbt, director"
7,-0.0006034228499686337,-0.0005478846228452823,-0.0005496783792607613,1043,7,Trump complains of ‘yet another big storm’ as Puerto Rico comes under a hurricane watch,"puerto, rico, storm, tweet, heat, rivalri, pat, bash, jab, oncom"
8,-0.000561861320417846,-0.0006517292828356377,-0.000664366877743958,602,2,Trump disputes media report of bedbugs at Doral Miami resort,"resort, doral, rumor, bug, bedbug, bed, promot, miami, stem, infest"
9,-0.000807022363749619,8.525808100927786e-05,-0.0005883162629895588,818,3,Bernie Sanders's China Comments -- China Has Done a Lot of Things for Their People!,"poverti, sander, extrem, berni, authoritarian, ingraham, laura, lot, china, progress"
10,-0.00046490920987803135,-0.0001697930733528629,-0.0006909529676571546,1146,4,Hezbollah plans 'calculated' response to Israel: sources,"hezbollah, israel, crash, drone, unlik, calcul, lebanon, adversari, surpris, strike"
11,-0.0005651644062447525,-0.0007073159408941376,-0.00021867855639153054,1103,2,Gambia's first post-independence president Jawara dies at 95,"jawara, dawda, gambia, 95, found, democrat, kairaba, father, elect, coup"
12,-0.00047369233169354194,-0.0008992112672789762,-0.00016967080987726556,1376,8,Federal judge temporarily blocks Missouri law restricting abortion,"missouri, abort, judg, block, law, block, ban, pregnanc, effect, feder"
13,-0.0007659388206075524,-0.00012067813688983292,-0.00041100429451500903,512,4,Deal nears in talks with US: Taliban,"taliban, afghanistan, agreement, close, withdraw, milit, deal, withdraw, promis, near"
14,-0.0009978314587835973,-3.1442415518345326e-05,-0.0005055155261875814,827,1,Tobacco giants Philip Morris and Altria in talks to reunite,"altria, morri, philip, tobacco, reunit, merger, marlboro, giant, talk, cig"
20,-0.0004890596025974096,-0.0009936293391954777,-0.0009497499209894163,1061,8,DC consultant's alleged affair with Ilhan Omar is front and center in divorce papers,"consult, affair, omar, ilhan, husband, divorc, wife, rep, polit, alleg"
21,-0.0005402110767016672,-0.0006843669470020723,-0.0006581868402520533,1100,7,Trump repeats misleading claim on aid to Puerto Rico as Dorian heads its way,"rico, puerto, tropic, storm, dorian, hurrican, island, juan, mayor, san"
24,-0.0006377671728357265,-0.0004745996539520887,-0.000977273417139669,1,8,Former Google engineer charged with trade secrets theft,"engin, secret, steal, levandowski, googl, drive, self, anthoni, uber, car"
26,-0.0007621784461837927,-0.0005183841932974663,-6.443080481751167e-05,1236,9,Jair Bolsonaro demands Emmanuel Macron withdraw 'insults' over fires,"macron, bolsonaro, insult, emmanuel, jair, accept, g7, amazon, french, accept"
27,-0.0006363469295995054,-1.6459526389986693e-05,-0.0006628564939962847,755,7,"U.S. moves FEMA, Coast Guard money to fund border programs","tropic, season, storm, cigarett, ramp, border, enforc, divert, money, rico"
32,-0.0004005496272371078,-0.0011625618546211055,-0.0007351646166442347,561,8,‘Depraved human being’: Jeffrey Epstein accusers voice their anguish in court,"epstein, accus, jeffrey, sexual, coward, anger, financi, women, abus, emot"
33,-0.0006577210916426923,-0.001179094094303054,0.00027598715271526003,624,3,"Greg Gutfeld: Biden needs to outpace Warren, Sanders before one progressive drops out","warren, sander, elizabeth, biden, gutfeld, consist, suffolk, momentum, poll, usa"
38,-0.0006235942902690366,-0.001051275363709751,-0.0002993059604428616,963,2,College Board abandoning SAT 'adversity score' after criticism,"advers, sat, score, colleg, admiss, board, score, metric, tool, augment"
44,-0.00030907271500198625,-0.001287276027719754,-0.0005705987204536747,392,8,Jeffrey Epstein's death: Democratic Women's Caucus asks for House investigation,"epstein, jeffrey, suicid, theori, consist, conspiraci, injuri, caucu, flourish, die"
46,-0.0005373800447738812,-0.00042908861355142684,-0.0008030311096408071,677,9,Sting Condemns Brazil’s Handling of Amazon Fires: ‘We Will All Suffer the Consequences’,"fire, brazil, forest, wildfir, burn, amazon, rainforest, rain, warn, protect"
47,-0.0007488406190904099,-0.0001502242373797027,-0.0008584226191941782,476,2,Trump admin pulling millions from FEMA disaster relief to send to southern border,"disast, relief, fund, fema, administr, detent, homeland, million, secur, ice"
48,1.3593992115805982e-05,-0.0009121924885744328,-0.0011642161106048161,734,6,'Suspicious' deaths at West Virginia VA hospital under investigation,"death, virginia, investig, hospit, west, veteran, affair, patient, suspici, wrongdo"
50,-0.0007879688610586275,-0.00012410632218052834,-0.0009670962517931325,993,6,Opioid drugmaker Purdue Pharma offers $10-12 billion to settle opioid claims: NBC News,"purdu, pharma, sackler, billion, settl, 12, opioid, oxycontin, discuss, lawsuit"
52,-0.0006119484696984308,-0.0011604709120766406,9.583879737279313e-05,329,10,"Trump mocks NYT's Bret Stephens: My resort doesn't have 'bedbugs,' but he's 'loaded up with them!'","stephen, bret, bedbug, mock, columnist, twitter, load, deactiv, guy, reaction"
55,-0.0004713887649591346,-8.488568165185396e-05,-0.0008887040100850006,630,9,Vast fires sweep across Bolivia as well as Brazil,"fire, amazon, brazil, bolivia, neighbor, rage, burn, forest, poison, peru"
57,-0.000573519851797827,-0.000763506400118833,-0.0006002113254465887,199,6,Opioid marketing and the First Amendment: Oklahoma judge rejects J&J defenses,"opioid, 572, oklahoma, johnson, crisi, addict, payout, judg, expert, maker"
59,-8.158683437538043e-05,-0.001143843532954418,-0.0011529981380581067,1227,12,Michigan man accused of killing wife by spiking cereal with heroin,"cereal, heroin, michigan, wife, dose, put, spike, lethal, charg, spike"
61,-0.0004710734571373825,-0.0006552344560844711,-0.000741796986942294,743,10,Taylor Swift's Equality Act Push Gets Frosty Response From Trump Administration,"swift, taylor, conway, equal, kellyann, act, song, respond, calm, vma"
62,-0.0005868828886746936,-0.0012029684960519476,0.00016852440666712706,555,3,"Upcoming polls give Steyer shot at Democratic debate, could push it to two nights","steyer, tom, debat, billionair, julian, poll, dnc, castro, democrat, need"
68,-0.000639050874286718,-0.0008732785561413789,-0.0005508167354643599,701,2,"Barr books holiday party at Trump hotel, stoking ethics concerns","barr, holiday, attorney, william, parti, book, ethic, throw, gener, book"
70,-0.0006266742237864244,-0.0005827521207313081,-0.0007103832479045546,872,2,Deutsche Bank reveals it has access to tax returns related to Trump congressional investigation,"deutsch, return, tax, bank, congression, sought, record, includ, democrat, request"
72,-0.0011025742954313097,0.000591485012680672,-0.0007358037882741144,1268,6,"OxyContin maker Purdue Pharma offers up to $12B deal, report says","oxycontin, maker, settlement, pharma, purdu, attorney, 12b, 12, opioid, billion"
73,-0.0005332903538322085,-0.0006768942493075905,-0.0003364683961955513,1073,2,"Russia denies visas to two U.S. senators, amid G7 tensions","visa, senat, russian, russia, visa, sour, secur, deni, troubl, travel"
74,-4.7290226916520306e-05,-0.0011201896542875876,-0.0010835033575686487,1029,8,"Judge orders men who lied about being veterans to write names of those killed in Iraq, Afghanistan","montana, write, name, militari, american, veteran, kill, fals, serv, servic"
76,-0.0005174462037441275,-0.0012074249441128091,2.905771575738479e-06,840,10,Beto O'Rourke Ejects Breitbart News Reporter from Event at Historically Black College,"breitbart, rourk, report, beto, eject, speech, campaign, eject, news, comfort"
80,-1.3436715735283334e-05,-0.0005373655839653907,-0.0010574117447836157,431,8,"Explosion hits Gaza motorcycle, two dead: officials","gaza, hama, checkpoint, bomb, explos, policemen, kill, offic, strip, suicid"
90,-0.0006338078447353452,-0.0008432917415440052,-0.00019012749999120355,1033,3,"Biden: Racism in US is institutional, ‘white man’s problem’","racism, institut, problem, white, biden, focus, folk, larg, reason, complic"
97,-0.0005456987631912506,-0.0008354935703124914,-0.0005864168396610692,407,2,De Blasio School Plan Would Eliminate All Gifted Programs in NYC,"gift, program, elimin, blasio, talent, york, panel, school, process, segreg"
101,-0.0008347614341342447,-0.00039338397279938285,0.00012700937691800267,307,11,Italy inches toward new govt as Trump backs Conte's return as PM,"cont, giusepp, mandat, itali, italian, form, star, movement, govern, accept"
107,-0.0005743498002888943,-0.00040900202597821583,-0.0009167096859259873,1195,6,"Purdue Pharma in settlement talks over 2,000 lawsuits","purdu, pharma, opioid, settlement, reach, lawsuit, fuel, talk, epidem, billion"
114,0.00012622207724527213,-0.0010273745901323108,-0.0012369669713059965,552,8,Suspect in Virginia triple murder apprehended,"nake, tripl, murder, virginia, suspect, apprehend, choke, mace, bernard, caretak"
116,-0.00038622447222508624,-0.001255032407721288,-0.00012969174834411666,356,8,"Prince Andrew ‘knows what he’s done’ and should ‘come clean’, says Epstein sex victim","princ, andrew, epstein, accus, clean, giuffr, duke, know, sex, robert"
123,1.3021510207099572e-05,-0.000999557873521123,-0.00135958689111265,474,8,Couple wanted for murder in Arizona escape from guards during transport,"guard, coupl, barksdal, murder, escap, utah, want, blane, susan, overpow"
126,-0.0005149362140621773,-0.0009351276385331385,8.783934549440484e-05,625,2,Court Approves Banning Atheists From Reciting Opening Prayers At State Legislature,"atheist, pennsylvania, statehous, invoc, give, bar, invoc, appeal, open, court"
130,-0.00036140611826406113,-0.000573074248803522,-0.00040699377765557554,658,4,"Afghan Forces Still Unable to Counter Violence Alone, Joint Chiefs Chairman Says","dunford, afghanistan, chief, joseph, withdraw, troop, joint, pullout, earli, gen"
132,-0.0005222177101596509,-0.0006992244153179528,-0.0004940698109443133,482,3,Mattis Says U.S. Is Dividing Into ‘Hostile Tribes’ and Defends Importance of Allies,"matti, defens, bitter, leadership, secretari, warn, divis, societi, resign, warn"
133,-0.0007530350656866945,-0.0007312238092188158,0.001735187140838734,584,5,"Johnson to Ask Queen to Suspend U.K. Parliament, Hindering Brexit Rebels","queen, suspend, bori, parliament, elizabeth, johnson, ask, brexit, prime, approv"
134,-0.0006014871655436915,-0.0005745919329270679,-0.0004703550511355472,355,2,Trump Tells Aides ‘Take the Land’ as Impatience Grows on Border Wall,"aid, wall, pardon, joke, pardon, break, border, law, build, law"
135,-0.0007248470000279308,-0.000640769847558332,0.0018266715389925919,1293,5,Britain's Prime Minister Suspends Parliament Until Oct. 14,"coup, oppon, suspend, enrag, stage, johnson, oct, parliament, denounc, describ"
138,9.398779470931217e-05,-0.0004173770523873538,-0.0005925757414944651,284,14,Police In Hong Kong Are Caught Between Protesters And The Government,"kong, hong, gate, polic, respect, forc, protest, anger, protest, guard"
139,-0.0002927094141569939,-0.0007768464555238072,-0.0011141732047052241,986,2,F.B.I. Raids U.A.W. Chief’s Home as Financial Inquiry Widens,"gari, jone, home, raid, raid, uaw, auto, ir, fbi, worker"
140,-0.00019457145162856662,-0.000879278361016743,-0.000955176903232386,1192,6,"10,872 New Yorkers to See Their Marijuana Convictions Disappear","yorker, marijuana, expung, law, penalti, convict, york, record, crimin, disappear"
144,-0.00042986201503188956,-0.0007170273881753002,-0.00031846658150845564,1129,2,Teen Climate Activist Greta Thunberg Arrives In New York After Sailing The Atlantic,"activist, climat, thunberg, greta, swedish, teen, atlant, york, summit, sailboat"
147,-0.00036614246629236975,-0.0003398893092865647,-0.0006420055458792352,470,7,"Still Recovering From Hurricane Maria, Puerto Rico Braces For Dorian","puerto, storm, rico, dorian, hurrican, rican, maria, tropic, brace, refug"
148,-0.00027866586868238545,-0.0008940979745485837,-0.0006625724131340972,1207,2,Shots - Health News,"nurs, abort, vermont, particip, forc, hospit, administr, assist, notic, civil"
154,-8.534019920376503e-05,-0.0009581037487863861,-0.0009961423173171508,1356,11,Kremlin Denies Involvement in Berlin Killing of Ex-Chechen Commander,"chechen, berlin, exil, kremlin, russian, involv, daytim, georgian, assassin, deni"
156,-0.0006594979992710395,-0.0011429053927991806,0.000700986566708944,1331,10,Johnny Isakson To Retire From Georgia Senate Seat For Health Reasons : NPR,"retir, isakson, georgia, johnni, cite, health, challeng, republican, 2019, progress"
157,0.0001268899783743929,-0.0006048266321917002,-0.001245091320995871,1157,8,Mexico Bar Arson Kills at Least 23,"bar, coatzacoalco, attack, mexico, 23, arson, kill, port, gang, southern"
158,-0.0007068792531225277,-0.0008302150408463148,-0.00019657247208878126,704,2,Facebook Tightens Rules on Verifying Political Advertisers,"facebook, ad, polit, tighten, rule, ahead, advertis, 2020, loophol, advertis"
160,-0.0009088119481807129,0.00012643941860397134,-0.0007316435582431398,278,9,How the G-7 Fell for the Amazon Scam,"g7, aid, amazon, summit, nsc, misunderstand, induc, chump, agre, happen"
167,-0.0006778354367632595,-0.000983379987950172,0.0011459673648348437,75,5,"With Brexit Gambit, Boris Johnson Reveals a Ruthless Side","bumbl, lynch, ruthless, johnson, bori, author, oppon, oafish, timid, absolutist"
169,-0.0005908571593459154,-0.0011036855967561407,0.000712535721735644,750,10,Isakson to Resign From Senate Citing Health Reasons,"isakson, johnni, resign, republican, georgia, senat, health, parkinson, senat, issu"
170,-0.0007442351011704553,-0.0006803164332943654,0.0011171916888291665,33,5,Newspaper headlines: Outrage as Johnson 'takes the gloves off',"johnson, outrag, bori, suspens, coup, parliament, impress, ormerod, prais, applaud"
172,-0.00036407559387637174,-0.0003533447988323153,0.00015268337562685216,18,4,Violence Follows Pro-Independence Protests In Indonesia's Papua Region,"papua, indonesia, easternmost, region, jayapura, provinc, capit, erupt, violent, protest"
176,-0.0004973487575553232,-0.0003539083145239099,1.9536376969594748e-05,244,7,"Hurricane Dorian, Brexit, Peloton: Your Wednesday Evening Briefing","know, thing, dorian, brief, 10, hurrican, need, island, peloton, today"
177,-0.0007285282487221398,-0.0007393681561054138,0.0014588891554021734,261,5,What Did Boris Johnson Just Do to Parliament?,"parliament, johnson, bori, suspend, brexit, british, prime, outrag, mp, thwart"
178,-0.0005423596784483705,-0.0011301943394287914,0.00041994510821572774,66,3,It’s Official: September Democratic Debate Will Be One Night Only,"debat, candid, 10, democrat, debat, poll, stage, qualifi, septemb, presidenti"
181,-0.00035202557479504013,-0.0011933537762882243,-0.0005338075271280889,673,8,Alabama GOP urges Rep. Ilhan Omar's expulsion from Congress,"omar, ilhan, alabama, expuls, roy, moor, rep, congress, gop, resolut"
187,-0.0006436319168530041,-0.00033187074125426414,-0.000762462668039769,504,2,SpaceX Starhopper rocket takes a bigger hop as Elon Musk prepares for Mars,"spacex, mar, prototyp, test, rocket, starhopp, musk, texa, elon, rattl"
195,-0.0005518450114629464,-0.00033239596256745346,-0.0008010720675427112,101,8,1MDB global scandal: Malaysian former PM faces court over missing $540m,"1mdb, najib, razak, malaysian, fund, elabor, trial, prosecutor, malaysia, dollar"
200,-0.0005180318691924237,-0.0011530456456776026,6.776242415094668e-05,1020,3,Joe Biden took questions from black reporters for 90 minutes. He did not disappoint.,"biden, joe, gingrich, newt, racism, race, vp, black, mate, talk"
210,9.478341539073589e-05,-0.0009457413919891206,-0.0011654427506272809,457,8,"Woman fatally stabbed in NW Washington, police chief says","stab, death, walk, woman, nw, walker, randomli, 27, washington, pit"
227,0.00010436902988773591,-0.00036481010426605263,-0.0009290861479132127,305,4,Six killed as Indonesian authorities open fire in Papua: news report,"papua, indonesian, soldier, resid, deiyai, kill, protest, region, websit, indonesia"
236,-0.0005090947343100158,0.0003180557512919267,-0.0006236294530377559,1162,4,"Russia, Turkey discuss supply of Russian stealth fighter jet - RIA","turkey, russian, ria, fighter, jet, erdogan, russia, stealth, deliveri, jet"
241,-0.0006942870384031412,-0.0007174225461286844,0.0016453696495241327,456,5,Queen could be asked to suspend parliament on Wednesday - BBC journalist,"queen, suspend, request, parliament, bbc, ask, elizabeth, journalist, robinson, britain"
245,-0.0005725470118970134,-0.0005378850857870425,0.0001234774585281981,713,11,Deputy PM in new Italy government should come from PD's ranks: deputy PD leader,"star, pd, itali, form, movement, readi, parti, opposit, establish, deputi"
248,-0.0005606731812187555,-0.0003734857122029967,-0.0008517792965792186,924,8,"Ilhan Omar's Campaign Has Paid Over $200,000 to Her Alleged Lover for ‘Fundraising Consulting’","omar, fec, complaint, ilhan, paramour, affair, expens, travel, alleg, file"
252,-0.0006466556494954122,-0.0002915955670885548,-0.00043817523781241425,26,6,"Juul CEO Kevin Burns calls vaping-related illnesses 'worrisome,' but won't pull products","juul, cigarett, illinoi, vape, product, underag, giant, columbia, popular, worrisom"
262,-8.880650863856068e-05,-0.0001287976103283256,-0.0007271103339360112,57,4,"Fighting resumes between Yemen's govt forces, separatists in Aden - residents","aden, separatist, forc, yemeni, resid, yemen, fight, southern, suburb, govern"
263,-0.0002878016214407667,-0.0001753478896649747,9.638978253793482e-05,760,0,Nearly 50 migrants rescued in 2 days in busy English Channel,"migrant, rescu, ship, rescu, italian, coastguard, 100, english, channel, cross"
282,-0.0005626549326198019,-0.0008034008015598542,0.0012029787764185245,609,5,UK Parliament Speaker John Bercow calls government action to suspend Parliament a ‘constitutional outrage’,"speaker, bercow, outrag, constitut, john, parliament, debat, normal, plan, quot"
286,-0.0006466024650208839,-0.00020863339586566702,-0.0003606831520255372,831,1,Apple to stop default practice of keeping Siri recordings,"record, siri, appl, audio, default, practic, contractor, user, listen, request"
300,-0.00042401707613540804,-0.0011455301506958602,0.00019725303021085177,393,3,Voting Machines Changed Selections In Mississippi GOP Governor Runoff,"vote, runoff, mississippi, machin, machin, governor, chang, issu, video, viral"
304,0.0003768190256994223,-0.0009240427087068939,-0.0011631071283114771,828,8,Serial rape suspect had been hired as police recruit in 2018,"recruit, serial, georgia, rape, hire, polic, arrest, 2015, rapist, suspect"
308,-0.0003313530703853648,-0.00033256118476314607,-0.0006035255107851302,589,0,"US throws away 3,500 donated kidneys each year: report","kidney, donat, wait, kidney, studi, patient, discard, throw, away, thousand"
315,-0.000684999459425843,-0.0005505270709312114,0.0016196033248699615,390,5,TIMELINE: Key dates in Britain's Brexit crisis,"31, leav, commit, oct, barclay, european, timelin, brexit, union, kingdom"
316,-4.308350064721626e-05,-0.0005528008463497773,-0.0009573359266022192,368,2,"Doorbell-camera firm Ring has partnered with 400 police forces, extending surveillance reach","ring, doorbel, camera, 400, surveil, footag, polic, partner, agenc, enforc"
324,-0.0008663068581045053,-0.00011568154482288442,0.0017039129107540305,86,5,"Like The Empire Itself, The British Pound Is Not What It Used To Be","pound, sterl, volatil, britain, 31, johnson, oct, european, brexit, union"
328,-0.0006656088059045379,-0.0006675607913647905,0.00197994436890614,183,5,Corbyn asks to meet queen over Brexit - Guardian,"queen, corbyn, drag, bori, opposit, elizabeth, johnson, labour, leader, jeremi"
330,-0.0004840668451864098,-0.0005718450371466067,-9.472567268279509e-05,936,3,"Mattis says he served ‘as long as I could,’ warns of a leader not committed to working with allies","matti, secretari, defenc, defens, memoir, serv, advic, long, book, alli"
332,-0.0006048803797941443,0.0006404395578402433,-0.0006565098563887903,613,2,U.S. warship sails in disputed South China Sea amid trade tensions,"claim, island, sail, destroy, warship, navi, near, south, china, sail"
339,0.00012096281221979595,-0.0002417296777130425,-0.0007916127098454255,17,4,Airstrikes in Syria’s Idlib hit near Turkish military post,"idlib, provinc, syrian, iraqi, anbar, abduct, checkpoint, villag, militia, baghdad"
341,-0.0006711642771032693,0.00044423942563354054,-0.0005735144732866337,1046,9,"Brazil says South American nations to meet on Amazon, accepts Chilean aid","amazon, bolsonaro, jair, common, american, accept, meet, brazilian, determin, chile"
351,-0.0006376138571494007,-0.00010546111003505581,-0.000426780297398599,989,9,Trump to announce way forward on how to mitigate biofuel waiver impact - Ag Secretary,"agricultur, announc, biofuel, waiver, perdu, secretari, sonni, demand, biofuel, boost"
361,-0.0006436271742473349,-0.00026914314175371826,0.0005044875161729982,814,0,Far right to deal blow to shaky Merkel coalition in eastern votes,"far, right, afd, region, german, germani, eastern, elect, altern, east"
362,-8.968053506055056e-05,-0.0007003870488162746,-0.0007971478927650515,674,2,DHS bars Dem staffers from visiting border facilities after 'rude' and 'disruptive' behavior,"visit, facil, staffer, border, dh, oversight, custom, cbp, staff, hous"
372,-0.00044659042549108585,-0.0005834622944357477,8.966213351742392e-05,559,9,Brazilians condemn Bolsonaro over Brigitte Macron remarks: 'Sorry about our president',"brazilian, macron, brigitt, bolsonaro, jair, spat, brazilian, ladi, offend, pari"
378,-0.00016112317114765057,-0.0005176916619571969,-0.0005850012059376257,1250,4,'Please help me': detained Australian Yang Hengjun pleads with Scott Morrison,"writer, australia, espionag, suspicion, detain, australian, interfer, morrison, scott, releas"
379,-0.0007286600772870578,-0.00028660347567203276,0.00048805542231129714,204,11,Italy’s 5-Star makes deal with left-wingers to avoid elections; nationalist Salvini ousted,"cont, form, star, coalit, avert, pd, led, itali, decept, movement"
388,-0.00023928773352406668,-0.0008217899679224305,-0.0005054120652631576,635,10,"Trump demands apology from NBC News over ‘false and defamatory, and extremely damaging’ unverified report","donnel, lawrenc, msnbc, unverifi, retract, retract, retract, host, oligarch, stori"
400,-0.00020985383565621317,-0.0008406711133751866,-0.0005771733340204686,1050,10,President Trump & Lawrence O'Donnell -- Trump Threatens Legal Action for MSNBC Host's Russia Accusations,"donnel, action, lawrenc, legal, organ, eric, oligarch, msnbc, host, smear"
406,-0.0004988368999142122,-0.0009905740283786453,0.0003017507106232237,28,3,Stacey Abrams & Georgia Senate -- Why Doesn't Stacey Abrams Want to Run for Senate?,"stacey, abram, isakson, georgia, seat, johnni, run, senat, replac, democrat"
407,-0.0002740132829183415,-0.0007045600515090073,-0.0001296844742651854,157,2,Greta Thunberg: Why are young climate activists facing so much hate?,"greta, climat, thunberg, young, leader, pressur, activist, activist, address, eye"
413,-0.0006903722471994421,0.0005919502936791601,-0.0004619368032568443,981,2,Japan-South Korea row that began as trade dispute threatens a vital security alliance,"pact, share, korea, intellig, japan, allianc, south, alarm, differ, crumbl"
416,-0.0002429698064791571,-0.00037260834601867006,-0.0005669304919733335,948,7,Trump calls storm-threatened Puerto Rico one of most corrupt places on earth,"corrupt, rico, puerto, place, earth, island, territori, storm, devast, tropic"
420,-0.0006724571399855592,-0.000578160032099849,0.0013627642361413784,295,5,Irish deputy PM clashes with Stephen Barclay over backstop,"backstop, altern, irish, taoiseach, coveney, viabl, deputi, meet, simon, discuss"
421,-0.00029167000043148444,-0.0006617779528473732,-0.00031591957175749184,510,10,Trump slams Fox News for 2020 coverage,"fox, news, coverag, increasingli, network, silent, donald, blast, attack, lose"
428,-0.00015189976804416683,-1.9003123219607526e-05,-0.0005365697078991235,458,7,"Tropical Storm Dorian Could Become Hurricane, Heavy Rains in Florida","dorian, florida, hurrican, storm, coast, caribbean, island, categori, puerto, virgin"
433,-0.00033558561344444293,-0.00039749011319626076,-0.000444054343944546,501,2,Fossil from Ethiopia reveals face for ancestor of famed ‘Lucky’,"ancestor, luci, fossil, reveal, ethiopia, speci, skull, fame, ethiopian, ancient"
436,-0.00041225162415743156,0.00030295081109199263,-0.0005502318001598221,377,4,UAE loosens Saudi alliance to push peacemaker image,"yemen, saudi, arabia, abha, houthi, houthi, uae, relaunch, emir, negoti"
441,-0.00047008286214299505,-0.00012082507095776603,-4.937180392922355e-05,587,4,U.S. says won't release Mideast peace plan before Israeli election,"peac, releas, isra, plan, envoy, elect, middl, greenblatt, portion, palestinian"
442,-0.0005436671705248542,-0.0007556226836318622,0.00012900679154037307,320,3,Biden pledges 'absolute wall' to separate relatives' business dealings,"deal, busi, absolut, famili, pledg, biden, job, wall, talk, brother"
456,-0.0009468105222387349,0.00021395435394412502,0.0013002947236016788,1263,5,Deutsche Bank still sees 50:50 chance of no-deal Brexit,"50, britain, product, citigroup, european, union, greec, england, earn, chanc"
458,-0.000567671561656567,-0.0007755748306222612,0.0006867944409385575,489,10,Georgia Senator Johnny Isakson will step down at the end of 2019,"isakson, johnni, georgia, retir, senat, kemp, seat, brian, pickup, senat"
459,-0.00018490102116977783,-0.00099211143304316,-0.0004715329906496641,647,0,"NYPD union calls for de Blasio’s removal, commissioner’s resignation in wake of Garner officer's firing","blasio, garner, mayor, commission, confid, fire, union, neill, remov, polic"
464,-0.0002801529206565112,-0.00033308137235107537,-0.00041983040227426473,1344,2,"Lives at risk from surge in measles across Europe, experts warn","measl, case, diseas, resurg, dramat, vaccin, number, europ, organ, record"
470,3.172882112462688e-05,-0.0005719207491924309,-0.0010180140810109113,1222,2,FBI conducting searches at UAW retreat and other locations,"search, corrupt, auto, uaw, home, detroit, probe, retreat, union, locat"
473,-0.00026764337092507405,-0.0005497410927867548,-0.0005142038375381199,1095,2,House committee launches investigation of plan to hold next G-7 summit at Trump's Doral resort,"resort, investig, judiciari, host, summit, golf, doral, hous, propos, committe"
476,-0.0006234159385229539,-0.00047123303102222666,0.001383925814955928,655,5,EU leaders look on in silence as Johnson makes Parliament move,"criticis, remain, parliament, mogg, ree, johnson, suspend, mp, suspend, brexit"
479,-0.0006128438675070876,-0.0008547990178153847,0.00150987895650559,1364,5,UK Conservatives' Scotland leader set to quit: Sun,"davidson, quit, ruth, scotland, conserv, leader, scottish, famili, pressur, politician"
495,-1.4301179262617152e-05,-0.0009204684594590852,-0.0003888736796480407,899,0,Condemned inmate to learn whether sentence will be reduced,"inmat, condemn, spare, tennesse, execut, hear, exclud, ah, wait, pool"
500,-0.0006393347490850075,1.729521621519579e-05,-0.0004212018180190157,1249,9,Midwest farmers' Trump loyalty tested by new corn-ethanol rules,"farmer, corn, ethanol, test, midwest, patienc, loyalti, levi, rule, support"
506,9.642440810126148e-05,-5.5460953522524116e-05,-0.0008829464998243757,1143,4,Lebanese troops fire at Israeli drone in south Lebanon,"lebanes, isra, airspac, drone, armi, open, breach, near, fire, return"
511,0.00038226114500029314,-0.0005840460249137692,-0.0011289297989715208,1159,2,El Paso shooting suspect says AK-style gun came from Romania,"romania, paso, ak, style, bought, gunman, came, weapon, gun, shoot"
518,-0.00012889361799083162,-0.00037003063116045586,-0.0004748237290034578,195,0,USCIS changes automatic citizenship for children of overseas service members,"citizenship, children, abroad, born, member, employe, militari, automat, polici, administr"
529,-0.0005560585885322426,0.0001974405702270734,-0.00021030650346906231,1023,2,Australia pressures Unesco over impact of climate change on Great Barrier Reef,"reef, barrier, great, poor, outlook, chang, australian, australia, climat, condit"
530,-0.00040248714903955846,-0.0011138358211075436,0.0004827380514057463,790,3,Kirsten Gillibrand Drops Out of Presidential Race,"gillibrand, kirsten, presidenti, race, senat, bid, traction, gain, qualifi, opinion"
545,-0.0005022352556275538,-0.0009803931824013121,0.001042437553724421,1141,5,Profile: Scottish Conservative Ruth Davidson,"davidson, ruth, tori, resign, scottish, leader, warm, grim, macdonald, ramsay"
552,-0.0004873882856281513,0.00040497980287937185,-0.0004954561568943219,731,1,Elon Musk to Appear at AI Conference - in China,"musk, elon, artifici, confer, alibaba, intellig, tesla, jack, founder, appear"
557,-0.00034089251572203845,-0.0010830973914527774,0.0003413146251309945,594,3,Trump mocks Kirsten Gillibrand as she exits 2020 race: 'She was the one I was really afraid of',"gillibrand, kirsten, race, presidenti, senat, afraid, 2020, riddanc, ny, ran"
578,0.00033375253595453107,-0.0007493410603254643,-0.0008475837210961065,1137,8,"North Carolina student was planning mass shooting at university, police say","dorm, gun, studi, student, room, carolina, mass, shoot, north, spree"
579,-0.0005123116328626861,0.0004361566184956079,6.00574628192546e-05,90,4,EU's Mogherini welcomes any progress beyond preserving Iran's nuclear deal,"nuclear, iran, mogherini, deal, atom, preserv, power, federica, breach, 2015"
580,-5.64981870575624e-05,-0.0007946867995819992,4.1428601100766917e-05,485,14,College president calls Straight Pride Parade in Boston a 'perversion',"parad, pride, boston, straight, bermuda, stage, saturday, pelton, float, counterprotest"
581,-0.0004591499302391247,-0.0007736375257231454,0.0013874144483558505,150,5,Legal campaigner Miller asks courts to block UK parliament suspension,"suspend, scottish, parliament, court, legal, block, bori, prime, miller, campaign"
590,0.0001719726309157509,-0.0007348053873962852,-0.0009997635710272633,473,12,Nevada woman exonerated after serving 35 years for murder gets $3M award,"35, 3m, murder, exoner, woman, partial, commit, settlement, prison, nevada"
615,-8.527828622788125e-05,-0.0010079914115828843,-0.0004348061128784,193,3,11 of 13 Illinois Democrats in U.S. House now back impeachment proceedings against President Donald Trump as U.S. Rep. Bill Foster signs on,"impeach, democrat, inquiri, impeach, hous, foster, proceed, summer, district, recess"
623,-0.00033315278453171956,-0.0009689664898577526,0.00035263609415937174,622,3,"Joe Biden leads Democratic 2020 race, flurry of polls show","warren, biden, elizabeth, joe, misstat, hume, brit, massachusett, sander, barack"
634,0.0002697306866505077,-0.000963664613264028,-0.001112036767968704,1147,8,FBI studies two broken cameras outside cell where Epstein died: source,"camera, epstein, cell, outsid, broken, die, fbi, jail, jeffrey, manhattan"
645,-0.00017696005336958651,-0.0010592631844099035,0.00011168330549680511,768,3,Fact Check: Joe Biden Did Not Come Out of the Civil Rights Movement,"carolina, biden, campaign, south, affect, joe, vice, doubt, overcom, strength"
650,-0.00020140850338617932,0.00020582113289334685,-0.0003482678207807064,1335,4,Turkey's Erdogan says won't allow delays in Syria deal with U.S.,"erdogan, ankara, turkey, syria, turk, correct, northeast, tayyip, allow, stall"
660,-0.00019531137898611773,-0.000293256069846163,-0.0005922105004713701,56,2,Factbox: South Korea's top court ruling on Samsung heir and ex-president,"samsung, heir, briberi, korea, court, lee, south, facto, case, suprem"
674,-0.00034421131580338765,-0.00021434703947527164,-0.0003240132535129671,203,11,Small step for Space Force: Trump moves closer to launching military branch focused on space,"space, command, forc, combat, establish, ceremoni, militari, pentagon, closer, interest"
676,1.771322787897451e-05,-0.0012086034970284138,-0.0003507795483771392,927,10,Alabama Gov. Kay Ivey Apologizes For Wearing Blackface During College Skit,"ivey, blackfac, alabama, kay, skit, gov, wear, apolog, colleg, apolog"
677,0.0003839250426067197,-0.00089648887157392,-0.0010252795762963356,13,12,Ex-Michigan lawmaker pleads no contest after sex scandal,"guilti, plead, plead, charg, woodstock, firearm, misdemeanor, huntington, detect, lawmak"
678,2.0594350601617416e-05,0.0004277390467081629,-0.00046476782415007787,168,14,Chinese Military Sends New Troops Into Hong Kong,"troop, kong, hong, rotat, garrison, rotat, rotat, routin, china, liber"
681,0.0003514593534888693,-8.75491226433192e-05,-0.00029510629436301124,119,14,Hong Kong Protest Leaders Arrested A Day Ahead Of Planned March,"joshua, arrest, kong, hong, democraci, pro, activist, chow, agn, activist"
683,-0.00020184152413338835,-0.0008143736042691563,-1.6998184017251214e-05,990,3,"Fearing Hackers, D.N.C. Plans to Block Iowa’s ‘Virtual’ Caucuses","iowa, caucus, virtual, caucu, hacker, committe, iowan, compromis, vote, concern"
684,-0.00017723498038765636,-0.00046783827547259074,-0.0003051606953414114,591,6,"Many Genes Influence Same-Sex Sexuality, Not a Single ‘Gay Gene’","gene, gay, sexual, studi, singl, behavior, genet, gene, sex, genet"
689,-6.682020582592339e-05,-0.00014185276698180612,-0.0004945978341926501,885,11,Colombia's FARC Rebel Group Announces Plans To Re-Arm 3 Years After Peace Deal,"farc, colombia, peac, arm, offens, rebel, video, revolutionari, post, overnight"
690,1.738437721051072e-05,0.0001768350195422375,-0.0006055393296191206,763,4,"Iranian Rocket Launch Ends In Failure, Imagery Shows","launch, pad, satellit, rocket, iranian, space, center, explod, imag, failur"
691,6.63035915697012e-05,-0.0008573842670423602,-0.0007561918871793578,141,15,Justice Department Watchdog Says Comey Violated FBI Policies In Handling Trump Memos,"violat, memo, fbi, comey, jame, handl, justic, director, polici, inspector"
701,-0.00044306201252244676,0.00019445719723520428,-0.00035985431214285204,61,9,Not All Oil Companies Support Trump Administration's Rollback Of Methane Emission Rule,"methan, ga, emiss, oil, administr, limit, obama, roll, climat, chang"
703,-8.100149137274603e-05,-0.000840387725194309,-0.00023772222454953516,69,3,Joe Biden Dismisses Report That He Told False War Story,"stori, biden, joe, trail, vice, emot, campaign, report, defend, defend"
705,-0.00032818257519662297,-6.301453995041331e-05,-0.00037091214655039534,581,9,6 Major Climate Change Rules the Trump Administration Is Reversing,"methan, epa, ga, environment, greenhous, administr, loosen, rule, oil, roll"
714,0.0002522171609743854,-0.0004888619270413567,-0.0006219169126891731,785,6,Shots - Health News,"marijuana, surgeon, pregnant, use, adam, women, jerom, gener, adolesc, adolesc"
715,-0.00029415860173066376,-0.0008675120129106168,0.0004085073390963689,577,3,Stage Cut In Half By DNC : NPR,"debat, candid, stage, make, 10, cut, half, field, septemb, dnc"
717,-0.00032780371229197507,-0.0007342389267268557,0.0003224229749049957,665,10,Trump’s executive assistant resigns from White House,"westerhout, assist, madelein, person, resign, abruptli, report, resign, gatekeep, dinner"
720,0.00015187495392495506,-9.58316549850594e-05,-0.0004092818507910221,1295,4,India accuses Pakistan of trying to infiltrate terrorists,"pakistani, pakistan, india, kashmir, disput, infiltr, kashmiri, himalayan, highlight, divert"
721,-0.00021646001071550652,-0.00021719760867113373,-0.0005039680642726556,1340,2,Trump Demands DHS Speed Up Construction of Border Wall,"wall, border, construct, pentagon, provis, fund, speed, dh, pipe, cactu"
749,-0.0008384863188323524,0.001114972200861841,-0.00048396638931385444,135,13,Retailers howl as U.S. trade agency locks in 15% tariffs on September 1,"tariff, good, sunday, footwear, import, chines, kick, consum, retail, consum"
769,0.00019795828351029784,-0.00016323145910514155,0.0002801849282420224,1018,14,"Hong Kong Police Ban Mass Weekend Protest March, Organizer Says","organ, march, permiss, saturday, protest, democraci, kong, hong, pro, ban"
771,0.00018592168663707424,-0.00034845700720642257,-0.00019625001456116578,1231,4,Myanmar workers facing death penalty for British tourist murders to seek Thai pardon,"myanmar, tourist, thai, backpack, thailand, worker, death, murder, upheld, tao"
793,9.24204383392819e-08,-0.0008805333342521793,-7.718262897802297e-05,847,10,‘Interview’s Over!’: Chris Cuomo Cuts Off Kayleigh McEnany Over Wildest Trump Claim Yet,"mcenani, kayleigh, lie, cuomo, chri, lie, spokesperson, claim, aid, earpiec"
810,0.00026806982013316544,-0.0004182519315472732,-0.0002937080028163475,1402,11,Jailed Ukrainian filmmaker brought to Moscow amid prisoner swap talks: Russian media,"swap, prison, ukrain, russia, ukrainian, filmmak, complet, oleg, sentsov, sailor"
811,0.0003214327142070082,0.00016483285156638992,-0.0005723534324111251,1254,14,Staff of NGO linked to Hong Kong arrested in southern China,"arrest, kong, hong, democraci, activist, leader, protest, pro, arrest, updat"
821,-0.0009004349347379268,0.0011839624657853196,0.00042223426528782053,12,1,French inflation eases to three-month low of 1.2%,"inflat, euro, august, low, bolster, zone, stimulu, month, monetari, eas"
824,0.0006400036815891159,6.554470871633741e-05,-0.0007079446474160294,34,4,"Yemeni commander: Airstrikes hit government forces on the way to port city of Aden, killing at least 30","aden, yemeni, uae, yemen, forc, separatist, strike, wam, saudi, airstrik"
846,-0.00032340649128004853,-0.0003348743620881652,0.001515680443850557,802,5,British Prime Minister Boris Johnson Has Suspended the U.K.'s Parliament. What Happens Next?,"suspend, raab, matter, parliament, come, constitut, suspend, hum, unwritten, shock"
848,0.00031167141856797744,-0.00015194946897824924,-0.0002982441309649406,991,0,'Storm Area 51' causes second Nevada county to sign emergency declaration,"51, area, emerg, nevada, storm, counti, event, ok, order, nye"
853,0.00023243566676542035,-0.0008709981191949868,-0.0002609053194228595,816,15,"Comey defiant after IG report says he violated policies, says apology from critics ‘would be nice’","apolog, comey, nice, fbi, polici, gowdi, trey, defiant, jame, director"
870,0.0001571094419593178,-0.0005509567483051722,1.0669870174105504e-05,194,7,"Hurricane Dorian skims Puerto Rico, Dem debate stage narrows & Prof. Matthew McConaughey? The Morning Rundown","dorian, hurrican, thing, know, prof, mcconaughey, nasa, skim, florida, rundown"
887,-0.0008700373065355819,0.00139597627661639,-0.00011546423717639039,1130,1,US economy grew at a moderate 2% annual rate last quarter,"quarter, strongest, second, slow, consum, growth, economi, spend, moder, market"
902,0.00042992223985398006,-0.00011962532133560361,-0.0001462554188517673,1323,0,Mumps sickens hundreds of detained migrants in 19 states,"mump, 900, cdc, center, migrant, 19, detent, prevent, hundr, detain"
906,0.0004999005288746413,-0.0004393654928222869,-0.0004027104199042156,1258,6,VA Secretary Wilkie assures veterans 'they are safe' following string of suspicious deaths at government hospital,"death, suspici, veteran, hospit, affair, wilki, virginia, west, string, clarksburg"
919,0.0002665251518023827,0.00032458970347723774,-0.00036281501558740046,413,4,"Israel: Iran, Hezbollah intensifying missile efforts","missil, hezbollah, israel, precis, iran, lebanon, step, effort, escal, guid"
921,0.0006243591239384975,-0.0006198276824689752,-0.0007812871040243095,136,12,Federal charges accuse man of Jewish center video threat,"jewish, ohio, white, feder, announc, center, charg, face, supremacist, harsh"
922,-0.0003520097500178275,-0.0002512284115731914,0.0018175599934041914,1042,5,Brexit: Does suspension 'slam brakes' on NI legislation?,"scotland, northern, ireland, challeng, legisl, dim, brake, interdict, belfast, unlaw"
938,0.00010741162652666064,-0.0003453570304679137,2.31605766219745e-07,1011,3,Issa weighs return to the House - through Duncan Hunter,"duncan, issa, hunter, exploratori, darrel, rep, committe, indict, challeng, fame"
939,0.00043001677952208834,-0.0007598580366319438,-0.0005628013043238412,425,15,DOJ Declines to Prosecute James Comey for Leaking Classified Info,"prosecut, leak, doj, declin, comey, inspector, intern, improperli, despit, depart"
954,-0.00042292777148899885,-0.0005271038534345171,0.0020238077703487777,776,5,UK opposition leader Corbyn to try on Tuesday to stop parliament shutdown,"corbyn, stop, jeremi, labour, occupi, westminst, tri, shutdown, plot, tori"
960,0.00038955310890915606,-0.0007154252769310466,-0.0002746517572840443,333,10,"Pence defends Bible at VA hospital, derides 'politically correct' Obama","bibl, penc, veteran, stay, display, mike, hospit, lawsuit, vice, zone"
971,-0.0002713519230816479,0.0006356696283548608,-0.0004352097295098004,102,1,"Uber, Lyft propose $21 an hour minimum wage for drivers in California, but there's a catch","uber, driver, lyft, ballot, california, wage, measur, gig, minimum, 60"
973,0.000982172298935783,-0.0004865960286745105,-0.0008292580554058354,1361,8,"Nevada student arrested for rifle, 2000 rounds of ammo found on campus","round, student, rifl, nevada, ammunit, campu, colleg, vehicl, arrest, forgotten"
992,9.307204623022221e-05,8.74190160035484e-05,-0.00032697863702045555,277,6,Family's web makes it hard to track cash from opioid maker,"opioid, purdu, sackler, cash, famili, pharma, web, sackler, maker, owner"
997,0.0003530052557117966,-0.0004279661579135677,-8.779425767091396e-05,256,15,IG Report Is an 'Unprecedented Rebuke' of James Comey,"comey, jame, ig, report, inspector, leaker, fbi, director, liar, gener"
1000,0.00017614301684377268,-2.238636712928169e-05,-0.00011992554836655727,727,11,Trump canceling trip to Poland to stay in US as Hurricane Dorian moves toward Florida,"trip, poland, cancel, hurrican, dorian, weekend, penc, cancel, florida, approach"
1019,0.0006915667088754478,-0.0006417215579724,-0.0008014151873456689,1328,12,Woman Sues Denver After Giving Birth Alone in a Jail Cell,"birth, jail, cell, diana, denver, sanchez, gave, woman, lawsuit, nurs"
1036,0.00045364423050698894,0.0001813831754932557,-0.0003318208441470295,35,11,"Colombia’s president accuses Venezula’s Maduro of sheltering rebels, calls for arrest of rearmed insurgents","colombia, maduro, rebel, farc, colombian, arrest, duqu, rearm, venezuelan, shelter"
1059,0.00020731305627433967,1.7503703666447123e-05,-0.00043076956246365867,1082,0,New Mexico official: Retake state land leased to Epstein,"land, ranch, epstein, mexico, zorro, retak, jeffrey, leas, leas, state"
1063,0.00034171613663982976,-1.7459795846939375e-05,-0.0001346937197611385,1055,7,Former Canadian PM says she's 'rooting for a direct hit' of Hurricane Dorian on Mar-a-Lago,"lago, campbel, root, hit, hurrican, canadian, dorian, pm, apolog, direct"
1071,-0.00015642798366873438,0.0008828848340866625,-0.0003697516618650193,292,4,U.S. sanctions Jammal Trust Bank for financial ties to Hezbollah: Treasury,"hezbollah, jammal, sanction, lebanon, bank, sal, trust, bank, tie, lebanes"
1073,0.0005513466778317601,1.0322619080774799e-05,-0.0005238511403006344,1097,6,Uganda confirms another Ebola case: Ministry of Health,"uganda, ebola, girl, congo, congoles, test, posit, travel, republ, drc"
1077,0.00016729843553251085,-0.00030942941519174303,0.00014213389105369935,610,3,Virtual caucus plans in Iowa and Nevada hit a snag,"virtual, iowa, caucu, nevada, caucus, recommend, dnc, scrap, plan, committe"
1082,2.5487788624211597e-05,-3.8884106839503765e-05,-0.00014496692222283497,791,0,Billionaire presidential candidate Tom Steyer has released 9 years’ worth of tax returns,"steyer, tom, billionair, tax, return, releas, candid, releas, tax, 181"
1099,-0.00018162141441193814,0.0005058603720455525,-0.0002079514886201057,437,9,"Amazon fires scorch Bolsonaro's reputation abroad, but not in Brazil","bolsonaro, amazon, brazil, fire, jair, rainforest, brazilian, later, discuss, help"
1126,0.00039945459605252953,-0.00046199703032979755,-0.0001090179701369004,721,10,Texas governor says ‘mistakes’ made in immigrant rhetoric,"mistak, abbott, texa, greg, fundrais, letter, sent, paso, rhetor, defend"
1170,0.0008276563697594284,-8.75771906409759e-05,-0.00042014752690473664,218,12,FBI arrests NYC man who texted undercover agent about ISIS-inspired terror plot,"isi, undercov, attack, inspir, queen, plot, nyc, agent, text, terror"
1189,0.00015464838183091242,0.0004302024777628319,-0.00017529099570760275,1216,13,China Expels a Wall Street Journal Reporter in Sign of Tougher Line,"report, journal, credenti, street, wall, xi, effect, jinp, expel, expel"
1190,0.00048362903059498104,0.00011508716855330279,-0.00033622093421530367,285,4,Trump Denies U.S. Involvement in Failure of Iranian Rocket Launch,"rocket, involv, iranian, launch, failur, wish, luck, satellit, tehran, respons"
1191,0.0005373499116118568,-0.00015605353714887114,0.00016998130566712503,904,0,"House Judiciary delays gun control meeting, citing hurricane preparations","gun, bill, hous, hurrican, recess, meet, judiciari, panel, hear, dorian"
1194,0.000796961105692191,-0.0005016080716532433,-0.0002514279671277262,387,12,Appeals Court Reverses Gun Conviction In Kate Steinle Killing,"steinl, kate, convict, 2015, overturn, appeal, immigr, undocu, francisco, garcia"
1196,0.0008857521981629411,-0.00020662607284608258,-0.00047147637048912817,1071,12,Trial Date Set For 5 Men Charged In 9/11 Terrorist Attacks : NPR,"trial, 11, 2021, date, attack, guantanamo, terrorist, set, charg, bay"
1200,6.44233189500212e-05,0.00022167660454263538,0.00029454878364736374,716,0,DeVos Toughens Rules for Student Borrowers Bilked by Colleges,"devo, forgiv, betsi, colleg, loan, student, educ, swindl, borrow, rule"
1202,0.00030260910204095263,0.0005865174288082141,-0.0001777748657866045,522,4,The Key Role Pakistan Is Playing In U.S.-Taliban Talks,"taliban, afghanistan, withdraw, misgiv, negoti, pakistan, nail, contend, good, troop"
1204,0.00037227203010305903,7.643346305842006e-05,-0.00037732376537569554,983,0,YouTube Said to Be Fined Up to $200 Million for Children’s Privacy Violations,"youtub, privaci, ftc, pay, googl, 200, 150, million, complaint, commiss"
1211,0.0005963389718091833,-0.0004332093591912224,-0.00046581761534535756,1294,10,Michael Flynn Seeks a Delay in Sentencing as His Lawyers Try New Approach,"flynn, lawyer, readi, michael, sentenc, sentenc, advis, disagre, discuss, lie"
1217,-0.00025690919843739996,0.0009315809946101584,-0.0002316340744419868,787,13,Trump Says GM Needs To Bring The Jobs Back Home,"motor, plant, automak, gm, prod, gener, move, auto, engag, begin"
1222,-0.00022217332948173914,0.0010499498234745228,-0.00022937753671636778,914,13,"China's Xi says 'bigger step' possible in offshore oil, gas development with Philippines","philippin, xi, bigger, joint, jinp, develop, properli, sovereignti, handl, recogn"
1223,-0.0002618491445467498,-0.000194232287818013,0.0018876892936969638,410,5,British PM warns MPs against trying to block Brexit,"stop, deal, johnson, brexit, stop, think, mp, bori, like, european"
1230,0.00037172339938205886,1.8804284545250807e-05,-0.00015954897974892112,349,7,Trump says Florida faces 'absolute monster' hurricane,"lago, florida, hurrican, dorian, monster, storm, absolut, path, handl, resort"
1265,0.0008791645993037787,-0.00011547030939445165,-0.0005347148490849126,1124,12,Google finds 'indiscriminate iPhone attack lasting years',"iphon, iphon, hacker, monitor, googl, implant, indiscrimin, hack, user, year"
1268,-0.00023703898678921356,0.0011165543802886145,-0.00021850077784348976,912,13,China CO2 emission targets at risk from U.S. trade war: official,"emiss, target, risk, reliant, co2, result, offici, greenhous, coal, trade"
1271,0.0006898422722015976,0.00014165338602758787,7.866153487862995e-05,161,0,Citizenship list in Indian state sparks fears for millions,"assam, list, citizenship, indian, regist, stateless, citizen, india, left, million"
1301,0.0003919607881083364,0.0007664356738636748,-0.00020006955371352852,396,4,Iran oil tanker sought by US again says it will go to Turkey,"tanker, iranian, turkey, head, lebanon, destin, water, tehran, confront, center"
1306,0.0008169534703888783,0.0003805851301076062,-3.691242943766687e-05,1419,0,About 100 migrants jump fences into Spanish African enclave,"enclav, migrant, ceuta, spanish, 150, fenc, fenc, spain, african, cross"
1307,0.000560071522151806,0.000620877988702077,-0.0001300125681949781,440,11,Location for additional U.S. troops in Poland already agreed: minister,"poland, locat, troop, warsaw, mariusz, blaszczak, agre, defenc, agre, station"
1310,0.000931146144269871,0.0003693440751830688,0.00010991981805414235,50,14,Hong Kong Democracy Protest Leaders Arrested,"hong, kong, protest, march, arrest, protest, march, rain, thousand, democraci"
1311,0.0006069244848892114,0.000347929573388291,0.00021756666487918067,402,0,Italy disembarks some migrants from rescue ship Mare Jonio but won't lift ban,"rescu, migrant, italian, lampedusa, spain, boat, standoff, itali, arriv, vessel"
1313,2.7041371890980536e-06,-0.00022558546640406686,0.001665238718518144,985,5,Former UK PM Major joins legal action to block Johnson suspending parliament,"suspend, major, legal, join, john, action, block, pm, join, parliament"
1354,0.00030712778068043683,0.0006256265734829748,0.00026431168206694414,675,13,China's ruling Communist Party to hold key meeting in October: state media,"communist, octob, hold, rule, meet, parti, govern, socialist, key, leadership"
1363,0.0008553650755905916,0.00019128149818269102,-0.0002627835689459366,471,12,Researchers: Websites infected iPhones with spyware,"iphon, spywar, websit, infect, research, appl, secur, vulner, affect, exploit"
1370,0.0007950413525071502,0.0004800051098672415,-0.00021820338305607203,441,4,Syrian army to cease fire in Idlib de-escalation zone on Aug. 31: TASS,"idlib, syrian, ceas, syria, unilater, provinc, qaeda, forc, northwestern, escal"
1379,0.0011341795526845328,0.00025575158821800065,-0.0004287211074930797,139,4,Third US service member killed in Afghanistan in just over a week,"combat, afghanistan, member, servic, kill, nato, soldier, mission, resolut, oper"
1384,0.0005891528115571202,0.00039552718639664623,-0.00020720076745340448,418,9,Amazon fires pose health risks to children: WHO,"amazon, fire, brazil, environment, rainforest, miner, pose, squar, rage, success"
1393,0.00035536829979898225,-1.2938932093874278e-05,0.0006891590664954689,1144,0,Sajid Javid was not told in advance of adviser's sacking by Cummings,"javid, sajid, sack, cum, aid, pm, advis, advis, page, chancellor"
1400,-0.00040363794041326537,0.0014263044945668913,0.00012081529794494958,268,1,"US consumer spending jumps 0.6% in July, a sign that shoppers are powering economic growth","spend, consum, juli, power, strong, shopper, solidli, tepid, allay, sustain"
1423,0.0005092052184249429,0.00024749090185981383,0.000981029250485762,645,0,WW2 commemorations expose differences at heart of Europe,"80th, anniversari, commemor, battleground, ww2, poland, memori, world, start, rewritten"
1425,0.000749086269861108,0.0003365186768149793,-0.0001685665190835535,1304,7,Trump declares emergency in Florida with millions - and his clubs - in Dorian's path,"florida, emerg, sunday, declar, mcmaster, dorian, club, evacu, like, decis"
1431,0.0004997513325320064,0.00035831005900862804,0.000409070760870995,1084,11,Italy's PD calls for clarification with 5-Star over government,"star, pd, coalit, uncompromis, itali, unsettl, movement, tough, luigi, maio"
1460,0.0007791464283925125,0.0005378777249505379,-0.00020820040269803924,1190,7,Military moving planes and ships away from Hurricane Dorian,"hurrican, dorian, powerlin, mph, trailer, florida, plane, ship, move, militari"
1461,0.0006604941606129157,0.0004321264851633367,-5.171871766397708e-05,515,7,Hurricane Dorian gains strength as Florida braces for potential ‘monster’ storm,"dorian, categori, hurrican, florida, storm, bahama, forecast, strength, spare, danger"
1466,0.0007499737533596805,0.0002556615874415338,0.0004887765702219337,1313,2,Swedish teen climate activist leads protest near UN,"activist, swedish, thunberg, greta, climat, teen, gate, nation, strike, protest"
1469,0.0007947328824846659,-4.91497973498738e-05,-3.289575203173645e-05,1311,12,"Twitter CEO Jack Dorsey's own account was hacked, used to post vulgar messages","account, dorsey, hack, jack, twitter, ceo, tweet, follow, slur, racial"
1485,0.0012120239542727097,0.00018502629283197826,-0.0001234733982008071,849,0,Parts of Vermont Capitol on lockdown after weapon report,"lockdown, vermont, capitol, build, montpeli, person, offic, gun, enter, lift"
1490,0.0011335845220807367,9.317032635425348e-05,-7.784263801422922e-05,873,12,Lawsuit over U.S. airport screener abuses is revived,"airport, screener, screener, travel, appeal, immun, flier, screen, object, abus"
1510,0.0010462991784712331,0.0005370479047255485,-0.0002671461890919014,78,4,Lebanon's Hezbollah hands two crashed drones to Lebanese army,"hezbollah, lebanon, drone, isra, lebanes, guid, precis, missil, extra, command"
1511,0.000742017140704049,0.0002363799637608513,-0.00014098131967852477,113,4,Trump accused of tweeting image from secret intelligence briefing as he says US not involved in Iran satellite launch failure,"photo, imag, launch, iranian, surveil, rocket, failur, tweet, iran, satellit"
1514,0.001186424835813168,-7.96608818623164e-05,-0.0002526425935142814,367,12,Lawsuit by families of Charleston church shooting victims can proceed: court,"charleston, survivor, shoot, church, mass, gun, dylann, roof, feder, carolina"
1533,-4.038582798406876e-05,0.0011659366861580143,3.151216316836677e-05,756,1,"Volkswagen overstated fuel economy on 98K U.S. vehicles, will reimburse consumers","volkswagen, vehicl, 98, overst, fuel, 000, forfeit, audi, economi, lower"
1534,0.00025960156764526996,0.0010484588637682728,-2.2802819429702907e-05,468,0,Saudi Arabia sets up ministry of industry and mineral resources -decree,"ministri, arabia, saudi, royal, resourc, miner, industri, separ, standalon, replac"
1551,0.0013447961275103548,5.114224658816013e-05,-6.751260132932008e-05,779,12,Arkansas woman drowns after 911 dispatcher tells her to 'shut up',"dispatch, 911, arkansa, steven, fort, debra, smith, flood, final, suv"
1580,0.0006359425635160316,0.00014943085884286394,0.00041331231896683823,465,0,Bernie Sanders calls for eliminating all medical debt at South Carolina event,"sander, berni, medic, debt, 81, past, cancel, plan, carolina, teas"
1591,0.0014099423923986094,7.166154994628062e-05,-0.00014813405492664287,151,12,Woman tosses Molotov cocktail into Fla. USCIS office,"cocktail, molotov, lit, citizenship, lobbi, florida, toss, oakland, immigr, servic"
1610,0.0006043850855174423,5.686725322129825e-05,0.0013787074993246975,1058,14,Tens of Thousands Take to Streets to Protest Boris Johnson Maneuver in Parliament,"citi, london, protest, parliament, suspens, deadlin, protest, street, brexit, thousand"
1611,0.0015098149740703753,0.00016805715951096446,-0.00039999616941639634,500,12,"Dozens injured by shootings in Texas towns, authorities say; 2 suspects sought","odessa, texa, injur, 21, kill, midland, shoot, dead, shoot, shot"
1612,0.0015625048744096072,0.00021847731134619423,-0.00036861154729505517,427,12,"Police Confirm 5 dead In Midland, Odessa Area : NPR","odessa, hijack, random, mail, texa, truck, multipl, shoot, midland, polic"
1613,0.0011132831048765476,0.00046280823706862676,0.0004015056022839689,306,14,Day Of Peaceful Demonstrations In Hong Kong Ends Violently,"13th, kong, hong, unrest, protest, weekend, consecut, straight, live, sacrific"
1614,0.0009115961775868037,-1.3826751881871638e-05,0.0005486861495191944,420,0,"After Cancer Treatment, Ginsburg Says She'll Be Ready For High Court's October Term","ginsburg, bader, cancer, ruth, justic, aliv, radiat, way, treatment, festiv"
1648,0.001488381050518376,0.00013870804431126803,-1.7492361043009025e-05,1367,12,RFK assassin Sirhan Sirhan stable after prison stabbing,"sirhan, robert, stab, prison, kennedi, assassin, 1968, diego, stab, rfk"
1663,0.001284476127740665,0.0006013884974659116,1.6269165190482952e-05,1223,4,Afghan government says Taliban attacking city of Kunduz,"afghan, kunduz, taliban, northern, citi, forc, attack, saturday, peac, bomber"
1690,0.0013175445617429205,0.0006355292109201223,7.518917788768049e-05,959,14,Hong Kong police use tear gas to try to disperse protests,"tear, petrol, bomb, cannon, ga, protest, hong, water, kong, threw"
1712,0.0015999661800120166,0.0003829394747170007,4.739695527387179e-05,1155,12,"Asylum-seeker arrested in France knife attack that left 1 dead, 9 wounded","knife, franc, lyon, attack, injur, wound, dead, person, station, near"
1736,0.0010431659165665635,0.0003190014021501026,0.00012609288237172905,718,7,Trump at golf club after going to Camp David to track storm,"camp, golf, golf, hurrican, david, track, dorian, club, approach, cancel"
1792,0.00151257582300209,0.0002715677041832153,0.00013465056755090088,53,12,Shooter targets people at shopping centers in West Texas,"west, texa, gunmen, shop, gunshot, weather, entertain, shooter, gunman, target"
